intent,answer,number
0,Hello! I'm great! How about you?,0
0,Hi! Nice to meet you too! ,1
0,Good morning! I'm here to assist.,2
0,"I'm doing well, thank you!",3
0,"I'm fine, thank you! How are you?",4
0,Hi! Let me know what you need.,5
0,Just here to help! What can I do for you?,6
0,Hi! I'm here to assist with anything you need.,7
0,Happy to help! What do you need assistance with?,8
0,Thanks! Wishing you a great day too!,9
0,Hi! It's been great! Thanks for asking.,10
0,Hi! It's been great!,11
0,Everything's good! How can I help?,12
0,Everything's good! How can I help?,13
0,It's been a while! Glad to connect again.,14
0,Hey! It's been a while! How have you been?,15
0,Absolutely! Just let me know what you need.,16
0,Good afternoon! How can I make your day better?,17
0,"Hello! Not much, just here to help you out.",18
0,Great to chat with you! What can I do?,19
0,"I've been doing well, thank you!",20
0,"It's been a busy day, but I'm ready to chat!",21
0,Hi! Not much.Just enjoying our conversation!,22
0,Good evening! I'm here to help.,23
0,"Hi! Interesting day, to be honest! How about you?",24
0,"Interesting day, to be honest! How about you?",25
0,Thank you for asking! Ready to talk.,26
0,"It's going great, thank you!",27
0,"It's going great, thank you!",28
0,I hope you're doing great as well!,29
0,"Hey! It's been a good week, thank you!",30
0,"Things are great, appreciate you asking!",31
0,Something exciting? Let's find out together!,32
0,I'm ready to help you in any way you need.,33
0,"Just catching up on things, how can I help?",34
0,"Hey! My day is going well, thank you!",35
0,"My day is going well, thank you!",36
0,I'm here to make your day better!,37
0,"Hi! Life's good, thank you for asking.",38
0,Weekend is off to a great start!,39
0,Good morning! Always happy to chat.,40
0,"My plan? Helping you, of course!",41
0,Hi! Always excited to talk. How about you?,42
0,"Hi! Sure, I've got time!",43
0,Hope I can make your day brighter!,44
0,It's great to hear from you again!,45
0,Just here for you!,46
0,I'm glad you're here!,47
0,"Hei! It's been a pleasant day, thank you!",48
0,Hello! I'm doing fine.,49
0,"Hi! I'm doing fine, thanks for asking.",50
0,Hello! Always happy to chat.,51
0,Hi! How can I help you today?,52
0,"Hi! Everything is good here, thank you!",53
0,"Hi! Everything is good here, thank you!",54
0,Hi! Happy to be here.,55
0,Hi! I'm feeling good today!,56
0,"Hi! Everything is good here, thank you!",57
0,"Good evening! All good, thanks for asking!",58
0,Hi! I'm here for you.,59
0,"Hi! Not bad, how's everything with you?",60
0,Hello! I'm feeling fine!,61
0,"Thank you, I'm fine.",62
0,"All's well, what's on your mind?",63
0,Hi! Good to hear from you!,64
0,Happy to chat!,65
0,"Great, as always.",66
0,"Hey! I'm doing fine, hope you are too.",67
0,Hi! Nice to meet you too! ,68
0,Hi! Nice to meet you too! ,69
0,Hi! Nice to meet you too! ,70
0,Hi! Nice to meet you too! ,71
0,Hi! Nice to meet you too! ,72
0,Hi! Nice to meet you too! ,73
0,Hi! Nice to meet you too! ,74
0,Hi! Nice to meet you too! ,75
0,Hi! Nice to meet you too! ,76
0,Hi! Nice to meet you too! ,77
0,"I'm fine, thank you! How are you?",
0,"I'm fine, thank you! How are you?",
0,"I'm fine, thank you! How are you?",
0,"I'm fine, thank you! How are you?",
0,"I'm fine, thank you! How are you?",
1,"To reset your password, go to the settings page and click on Change Password.",78
1,"Yes, you can change your account email under account settings.",79
1,Please visit the recovery section to retrieve your username.,80
1,You can update security questions in your security settings.,81
1,"To enable two-factor authentication, visit the security options page.",82
1,"Yes, you can link your account by navigating to the social media settings.",83
1,Profile information can be updated in your account details section.,84
1,"If your account is locked, please follow the recovery steps or contact support.",85
1,"To delete your account permanently, please confirm in the account settings.",86
1,"Yes, changing your username is possible through the user settings menu.",87
1,"To change your password, visit the security settings and select Change Password.",88
1,"If you forget your security question answers, please contact support for assistance.",89
1,"Yes, you can update your phone number in the account settings under personal information.",90
1,Go to security settings and enable login alerts for added protection.,91
1,"If your account was deleted, contact support for recovery options.",92
1,"To disable two-factor authentication, navigate to the security settings and turn it off.",93
1,Verify your email by clicking the verification link sent to your registered address.,94
1,You can view your recent login activity under the security activity section.,95
1,Ensure your account's security by enabling two-factor authentication and monitoring activity.,96
1,Add a backup email under your recovery settings to help regain access if needed.,97
1,Account recovery options can be managed in the recovery settings tab.,98
1,"To restrict access to your profile, go to privacy settings and adjust accordingly.",99
1,You can deactivate your account temporarily through the account settings menu.,100
1,Change your security settings by accessing the security and privacy tab.,101
1,"To unlink third-party services, go to linked accounts under your account settings.",102
1,Add an alternative phone number for verification in your profile settings.,103
1,Remove saved login details in the security section of your settings.,104
1,Check for possible breaches by reviewing your login history and settings.,105
1,"To change your profile picture, upload a new one through profile settings.",106
1,Manually lock your account through the security lockout options.,107
1,Deactivate account recovery options from the recovery settings menu.,108
1,Adjust privacy settings under your account's privacy preferences.,109
1,Set up a new security PIN in the security section of your settings.,110
1,"If you suspect hacking, change your password immediately and review your activity.",111
1,Manage connected devices by accessing your device management settings.,112
1,Enable alerts for unknown login attempts through the security notifications section.,113
1,Linked accounts can be managed through the settings tab.,114
1,Add a recovery question to your account security settings for added protection.,115
1,Access history is available in the security activity log.,116
1,Prevent unauthorized logins by enabling two-factor authentication and strong passwords.,117
1,Automatic lockout can be enabled through security preferences.,118
1,Restrict login hours in your account access settings.,119
1,Verify your phone number by entering the code sent to your phone.,120
1,Devices logged into your account can be viewed under security activity.,121
1,Login notifications can be enabled or disabled in the security preferences tab.,122
1,Restrict access to specific devices by setting up device filters.,123
1,Set up a security phrase for verification in the security options.,124
1,Geographic restrictions can be applied through access controls.,125
1,Delete backup recovery methods from the recovery settings menu.,126
1,Review login attempts in the account security activity log.,127
1,Verify your account through a phone call by contacting support.,128
1,Change your recovery email in the security settings under recovery options.,129
1,Restrict logins by IP address in the security preferences section.,130
1,Multiple incorrect passwords will lock your account temporarily for security.,131
1,Make your profile private by changing your privacy settings.,132
1,"Create a strong password by using a mix of letters, numbers, and symbols.",133
1,Enable biometric login in your security options for quick access.,134
1,Link another email by adding it to your contact settings.,135
1,Receive notifications for changes in your account under notification preferences.,136
1,Review past login sessions in your security activity log.,137
1,Delete profile information from your profile settings page.,138
1,You can change your email in the account settings.,139
1,Update your phone number by going to the profile settings.,140
1,"Yes, you can reset your password in the security section.",141
1,Deleting your account can be done through account settings.,142
1,"To recover your username, visit the account recovery page.",143
1,Link your social media accounts in the settings menu.,144
1,You can update your security settings from the security tab.,145
1,Check your login history in the security activity section.,146
1,Change your username in the profile settings tab.,147
1,Account recovery is available through the recovery options.,148
1,Account settings can be found in the main menu.,149
1,Enable two-factor authentication from the security settings.,150
1,Remove a linked device in the device management section.,151
1,Change your profile picture through the profile settings.,152
1,Add a recovery email in the recovery options.,153
1,Make your profile private in the privacy settings.,154
1,"If your account is locked, follow the recovery instructions.",155
1,Enable alerts for account changes in the notifications tab.,156
1,Verify your phone number in the contact settings.,157
1,Update security questions in your security settings.,158
2,I recommend checking out the downtown area; it has many attractions.,159
2,There are several good restaurants nearby; try the one at Main Street.,160
2,The must-see places include the city museum and the historic park.,161
2,There is a park about 10 minutes away; perfect for a walk.,162
2,The shopping district has many great stores and boutiques.,163
2,I know a great coffee shop a few blocks from here.,164
2,There is a cultural festival happening this weekend at the square.,165
2,The city museum is known for its great exhibits.,166
2,There's a bookstore two streets over with rare collections.,167
2,"For hiking, there's a trail just outside the city with scenic views.",168
2,A big concert is happening downtown tonight.,169
2,The farmer's market has the best fresh produce in town.,170
2,There's a quiet garden by the library for relaxation.,171
2,Sightseeing spots include the observation deck at the tower.,172
2,There is an art gallery nearby with rotating exhibits.,173
2,The local gym is very popular and close by.,174
2,There's live music every Friday at the community center.,175
2,The beach offers a stunning sunset view every evening.,176
2,There is a theater on Main Street known for great performances.,177
2,The forest trail nearby is great for a nature walk.,178
2,"For a weekend trip, consider the nearby lake town.",179
2,There's a pet-friendly park just down the street.,180
2,The hilltop offers stunning photography spots.,181
2,There are a few local breweries with great reviews.,182
2,I recommend visiting the historic downtown area.,183
2,The central park is perfect for a picnic.,184
2,The main library is located downtown.,185
2,Try the vineyard for a great wine tasting experience.,186
2,There's a yoga class every morning at the community center.,187
2,Head to the overlook for the best scenic views.,188
2,"Yes, there's a flea market this Saturday.",189
2,There's a seafood restaurant by the pier.,190
2,The botanical garden is free to visit.,191
2,The river offers kayak rentals.,192
2,The south beach is very popular.,193
2,There's a safe path for night walks downtown.,194
2,The art supply store is in the shopping plaza.,195
2,Several guided tours start from the museum.,196
2,The farmers' market is open every Sunday.,197
2,"For local cuisine, try the city bistro.",198
2,There's a cozy bookstore cafe in the square.,199
2,Try the library garden for a quiet reading spot.,200
2,Visit the old fort for historical landmarks.,201
2,There's a craft market every weekend.,202
2,"Yes, a new play opens next week.",203
2,The sports bar downtown shows live games.,204
2,Visit the amusement park for family fun.,205
2,The spa on Main Street has great reviews.,206
2,There's a cooking school in town.,207
2,Rent bikes at the city park kiosk.,208
2,The bakery on Elm Street is highly recommended.,209
2,The community center offers various activities.,210
2,The antique market is in the old district.,211
2,There's a patio restaurant by the river.,212
2,Try the food trucks for street food.,213
2,The jazz club opens every Friday night.,214
2,There's a karaoke bar in the entertainment district.,215
2,Visit the organic market near the square.,216
2,The forest trail is popular for hikes.,217
2,The gym downtown is open 24 hours.,218
2,Try the children's museum for kids.,219
2,The rooftop bar offers great city views.,220
2,"For a romantic dinner, try the riverside caf___________¨___________¦.",221
2,There's a hot spring resort nearby.,222
2,The co-working space is in the tech center.,223
2,The observatory is best for stargazing.,224
2,The food market has amazing street food stalls.,225
2,A cultural festival is happening this month.,226
2,The cheese shop has a great selection.,227
2,The coastal highway is a beautiful drive.,228
2,There's a park just a few blocks away.,229
2,"Yes, there are several good cafes nearby.",230
2,Try the restaurant at the corner of Main Street.,231
2,The nearest grocery store is two streets over.,232
2,There's a museum downtown worth visiting.,233
2,Fresh fruits can be found at the local market.,234
2,The city library is on 1st Avenue.,235
2,There's a peaceful garden near the community center.,236
2,The riverside trail is great for a walk.,237
2,"Yes, there is a concert happening tonight.",238
2,There's a popular diner around the corner.,239
2,The nearest hospital is on 3rd Street.,240
2,There is a playground in the central park.,241
2,The mall offers many great shopping options.,242
2,There's a bookstore two blocks down.,243
2,The coffee shop on Main Street is very popular.,244
2,There's a gym next to the community center.,245
2,The bakery across the street has fresh bread.,246
2,The farmers' market is just down the road.,247
2,The public pool is open daily for swimming.,248
3,"I don't have a favorite color, but I appreciate all of them!",249
3,I enjoy chatting and helping people. That's kind of my hobby.,250
3,"I don't watch movies, but I'd love to hear your favorite one!",251
3,I like hearing about music! What's your favorite genre?,252
3,"I'm happy where I am, helping you!",253
3,"I don't have a pet, but virtual pets are fun!",254
3,"Every season has its charm, don't you think?",255
3,"No, but I'd love to hear about your travels!",256
3,"I don't eat, but food sounds interesting! What's yours?",257
3,I think reading is wonderful! What book do you like?,258
3,"Holidays bring joy, don't they?",259
3,"I'd love to be able to help even faster, like instant answers!",260
3,Sports can be interesting! What sport do you like?,261
3,"I don't have one, but I'd be happy to hear about yours!",262
3,Animals are fascinating! Do you have a favorite one?,263
3,I can help find recipes! Do you like to cook?,264
3,"I haven't, but trying new things sounds exciting!",265
3,"I don't drink, but I've heard both can be delicious!",266
3,"I haven't traveled, but I'd love to hear about your favorite places!",267
3,I believe in making the most of every moment!,268
3,"I don't have memories, but I love hearing yours!",269
3,Great advice always makes a difference! What's yours?,270
3,I'd choose somewhere you love! Tell me about it.,271
3,"I admire kindness, curiosity, and passion in people.",272
3,Trying new things can be an adventure!,273
3,I think every moment can be special depending on who you share it with!,274
3,Creativity brings new life into the world.,275
3,"I don't have one, but I'd love to hear a funny joke!",276
3,My wish is to help you!,277
3,I'm ready whenever you are!,278
3,Technology and simple innovations amaze me equally.,279
3,I'd love to learn how to make anyone smile instantly!,280
3,Puzzles can be exciting! Have a favorite one?,281
3,Every type of weather has its beauty!,282
3,"Absolutely, new things broaden horizons!",283
3,Your happiness makes me smile!,284
3,To make the world a better place for everyone!,285
3,Words shape our thoughts. What's yours?,286
3,Inspiration sparks positive change!,287
3,Games can be so much fun! Which ones do you like?,288
3,"A good friend listens, understands, and supports.",289
3,Quotes can be deeply motivating. What's yours?,290
3,Seeing possibilities is hopeful!,291
3,Humor makes life lighter and more fun!,292
3,Positivity and kindness for all!,293
3,Giving people a chance to improve is kind.,294
3,Learning enriches us all!,295
3,Nature brings peace. Do you enjoy being outside?,296
3,Taking time to unwind is vital!,297
3,The past is full of lessons and wonders.,298
3,Knowledge is an unending pursuit.,299
3,Spontaneity brings excitement!,300
3,Childhood memories shape who we become.,301
3,Working together sparks creativity and strength!,302
3,Pride comes from striving towards goals!,303
3,Experiencing new cuisines brings new perspectives!,304
3,Entertainment connects and entertains us!,305
3,Secrets are precious when held with care.,306
3,Habits can be hard to break but offer growth!,307
3,"Every animal has unique traits, like us!",308
3,"Planning can be useful, but spontaneity brings life!",309
3,Curiosity drives everything interesting!,310
3,Big leaps can lead to big changes!,311
3,Purpose drives us forward!,312
3,Free time brings endless possibilities!,313
3,Dreams keep us hopeful!,314
3,Knowledge is ever-expanding!,315
3,Being surprised can be delightful!,316
3,Role models inspire us to grow!,317
3,Laughter brings joy!,318
3,Challenges test our limits and build strength!,319
3,Destiny can be intriguing! What's your view?,320
3,A day spent making others smile would be perfect for me.,321
3,Technology fascinates me! How about you?,322
3,I'd say connection and purpose!,323
3,Meeting new people is always an opportunity to learn!,324
3,Starting the day with positivity is important!,325
3,"I appreciate both, depending on the mood.",326
3,Progress towards helping others always matters to me!,327
3,Anywhere you find joy and purpose!,328
3,Everyone has a story worth hearing!,329
3,Every gift is special if it's given with care.,330
3,"Both thinking and doing are essential, don't you agree?",331
3,Love brings out the best in people!,332
3,Improvement is a continuous journey.,333
3,I'm full of potential _ what about you?,334
3,Enjoying moments of reflection and creativity!,335
3,Every morning brings new opportunities!,336
3,Discovering new ideas is exciting!,337
3,Planning can make dreams come true!,338
3,Growth comes from self-reflection.,339
3,Surprises keep life interesting!,340
3,Tough choices shape who we become!,341
3,Calculated risks bring growth!,342
3,Every memory holds something special.,343
3,New experiences broaden perspectives!,344
3,Multitasking with focus brings results.,345
3,Dream destinations open doors to discovery!,346
3,Karma reminds us to act kindly.,347
3,Engaging in meaningful conversations makes my day!,348
3,Small wins lead to big successes!,349
3,"As such, African immigrants are to be distinguished from African American people, the latter of whom are descendants of mostly West and Central Africans who were involuntarily brought to the United States by means of the historic Atlantic slave trade .",350
3,A glacier cave is a cave formed within the ice of a glacier .,351
3,"Pumps operate by some mechanism (typically reciprocating or rotary ), and consume energy to perform mechanical work by moving the fluid.",352
3,"Employing over 6,000, BMC is often credited with pioneering the BSM concept as a way to help better align IT operations with business needs.",353
3,"For 2011, the company recorded an annual revenue of $2.1 billion, making it the #20 largest software company in terms of revenue for that year.",354
3,This tablespoon has a capacity of about 15 mL.,355
3,In the USA one tablespoon (measurement unit) is approximately 15 mL; the capacity of an actual tablespoon (dining utensil) ranges from 7 mL to 14 mL.,356
3,In Australia one tablespoon (measurement unit) is 20 mL.,357
3,"The series also originated much tie-in merchandise, making the Harry Potter brand worth in excess of $15 billion.",358
3,"A rocket engine, or simply ""rocket"", is a jet engine that uses only stored propellant mass for forming its high speed propulsive jet .",359
3,"The actress who played Lolita, Sue Lyon , was fourteen at the time of filming.",360
3,"Transmission occurs primarily by drinking water or eating food that has been contaminated by the feces (waste product) of an infected person, including one with no apparent symptoms.",361
3,"Anne Frank and her sister, Margot , were eventually transferred to the Bergen-Belsen concentration camp , where they died of typhus in March 1945.",362
3,The radial engine is a reciprocating type internal combustion engine configuration in which the cylinders point outward from a central crankshaft like the spokes of a wheel.,363
3,Deepwater drilling is the process of oil and gas exploration and production in depths of more than 500 feet.,364
3,"Monica Samille Lewinsky (born July 23, 1973) is an American woman with whom United States President Bill Clinton admitted to having had an ""improper relationship"" while she worked at the White House in 1995 and 1996.",365
3,"Beginning his musical career in the swing era with Harry James and Tommy Dorsey , Sinatra found unprecedented success as a solo artist from the early to mid-1940s after being signed to Columbia Records in 1943.",366
3,"An antibody (Ab), also known as an immunoglobulin (Ig), is a large Y-shaped protein produced by B-cells that is used by the immune system to identify and neutralize foreign objects such as bacteria and viruses .",367
3,"The antibody recognizes a unique part of the foreign target, called an antigen .",368
3,"Each tip of the ""Y"" of an antibody contains a paratope (a structure analogous to a lock) that is specific for one particular epitope (similarly analogous to a key) on an antigen, allowing these two structures to bind together with precision.",369
3,"Using this binding mechanism, an antibody can tag a microbe or an infected cell for attack by other parts of the immune system, or can neutralize its target directly (for example, by blocking a part of a microbe that is essential for its invasion and survival).",370
3,"The 2008 Sunday Times Rich List estimated Rowling's fortune at ________£560 million ($798 million), ranking her as the twelfth richest woman in the United Kingdom.",371
3,"According to the U.S Census estimates of 2005, the city had a population of 12,381.",372
3,"Kirk Douglas (born Issur Danielovitch, ; December 9, 1916) is an American stage and film actor, film producer and author.",373
3,"Robert Clark ""Bob"" Seger (born May 6, 1945) is an American rock and roll singer-songwriter , guitarist and pianist .",374
3,"The black-and-white series originally ran from October 15, 1951, to May 6, 1957, on the Columbia Broadcasting System (CBS).",375
3,"Richard Milhous Nixon (January 9, 1913 _ April 22, 1994) was the 37th President of the United States , serving from 1969 to 1974, when he became the only president to resign the office.",376
3,"The peso is subdivided into 100 centavos, represented by "" ________¢ "".",377
3,"James appeared in World Wrestling Entertainment (WWE) in October 2005 and was placed in a storyline with Trish Stratus , in which James' gimmick was that of Stratus' biggest fan turned obsessed stalker, an angle which lasted almost a year.",378
3,"Armando P________©rez (born January 15, 1981), better known by his stage name Pitbull, is an American rapper, songwriter, and record producer.",379
3,"The original World Trade Center featured landmark twin towers, which opened on April 4, 1973 and were destroyed in the September 11 attacks of 2001, along with 7 World Trade Center.",380
3,"Each shell can contain only a fixed number of electrons: The 1st shell can hold up to two electrons, the 2nd shell can hold up to eight electrons, the 3rd shell can hold up to 18, and 4th shell can hold up to 32 and so on.",381
3,"There have been 43 people sworn into office, and 44 presidencies, as Grover Cleveland served two non-consecutive terms and is counted chronologically as both the 22nd and 24th president.",382
3,"Beatrice ""Bea"" Arthur (May 13, 1922 _ April 25, 2009) was an American actress, comedienne, and singer whose career spanned seven decades.",383
3,"State schools (also known as public schools or government schools) generally refer to primary or secondary schools mandated for or offered to all children without charge paid for, in whole or in part, by taxation .",384
3,"The term may also refer to institutions of post-secondary education funded, in whole or in part, and overseen by government.",385
3,The light-independent reactions of photosynthesis are chemical reactions that convert carbon dioxide and other compounds into glucose .,386
3,These reactions take the light-dependent reactions and perform further chemical processes on them.,387
3,"Interlibrary loan (abbreviated ILL, and sometimes called interloan, document delivery, or document supply) is a service whereby a user of one library can borrow books or receive photocopies of documents that are owned by another library.",388
3,"The user makes a request with their local library, which, acting as an intermediary, identifies owners of the desired item, places the request, receives the item, makes it available to the user, and arranges for its return.",389
3,"Mariel Margaret ""Mia"" Hamm (born March 17, 1972) is a retired American professional soccer player.",390
3,MacConkey agar is a culture medium designed to grow Gram-negative bacteria and differentiate them for lactose fermentation .,391
3,"This is the predominant form of Buddhism practiced in China, South Korea, Japan, Taiwan, Singapore, and Vietnam.",392
3,"He was shot and killed while playing poker in the Nuttal & Mann's Saloon in Deadwood , Dakota Territory (now South Dakota ).",393
3,There have been four successful robotically operated Mars rovers.,394
3,"The audit opinion is intended to provide reasonable assurance, but not absolute assurance, that the financial statements are presented fairly, in all material respects, and/or give a true and fair view in accordance with the financial reporting framework.",395
3,"The purpose of an audit is provide and objective independent examination of the financial statements, which increases the value and credibility of the financial statements produced by management, thus increase user confidence in the financial statement, reduce investor risk and consequently reduce the cost of capital of the preparer of the financial statements.",396
3,Financial audits are typically performed by firms of practicing accountants who are experts in financial reporting.,397
3,"Owls are a group of birds that belong to the order Strigiformes, constituting 200 extant bird of prey species .",398
3,"With quick hands and exceptional upper-body strength, Killebrew was known not just for the frequency of his home runs but also for their distance.",399
3,"His main role was to interpret the will of the gods by studying the flight of birds : whether they are flying in groups or alone, what noises they make as they fly, direction of flight and what kind of birds they are.",400
3,"The movie was extremely profitable, earning $161.5 million in North America alone.",401
3,It is the second largest city in Oakland County in the U.S. state of Michigan .,402
3,"According to folklore, if it is cloudy when a groundhog emerges from its burrow on this day, then spring will come early; if it is sunny, the groundhog will supposedly see its shadow and retreat back into its burrow, and the winter weather will continue for six more weeks.",403
3,A Joint Committee is a term in politics that is used to refer to a committee made up of members of both chambers of a bicameral legislature.,404
3,The 50 stars on the flag represent the 50 states of the United States of America and the 13 stripes represent the thirteen British colonies that declared independence from the Kingdom of Great Britain and became the first states in the Union.,405
3,India is a federal union of states comprising twenty-eight states and seven union territories .,406
3,"Symptoms are initially mild, and then develop into severe coughing fits, which produce the namesake high-pitched ""whoop"" sound in infected babies and children when they inhale air after coughing.",407
3,The coughing stage lasts approximately six weeks before subsiding.,408
3,Galveston County is a county located in the U.S. state of Texas within the Houston__ugar Land__aytown metropolitan area.,409
3,Nassau,410
3,"Freeport, Bahamas",411
3,"Its twelve member institutions (which are primarily flagship research universities in their respective states, well-regarded academically, and with relatively large student enrollment) are located primarily in the Midwest , stretching from Nebraska in the west to Penn State in the east.",412
3,"Single Malt Scotch is single malt whisky made in Scotland using a pot still distillation process at a single distillery , with malted barley as the only grain ingredient.",413
3,"As with any Scotch whisky , a single malt Scotch must be distilled in Scotland and matured in oak casks in Scotland for at least three years (most single malts are matured longer).",414
3,"Composers and works include Barbara Kolb , Pauline Oliveros ' Sound Patterns for chorus (1961), Norma Beecroft 's From Dreams of Brass for chorus (1963_1964), and Nancy Van de Vate .",415
3,"A very early example is the opening of Jean-F________©ry Rebel 's ballet Les El________©mens (1737_38), where chaos is represented by a gradually cumulating orchestral cluster of all seven notes of the D minor scale (Henck 2004, pp. 52_54).",416
3,A later example is the third movement of Ruth Crawford Seeger 's String Quartet 1931 (Nonesuch H-71280) while more recently Phill Niblock 's multiple drone based music serves as an example.,417
3,"The use of ""chords approaching timbres"" begins with Debussy and Edgard Var________¨se often carefully scored individual instrumental parts so that they would fuse into one ensemble timbre or sound mass (Erickson 1975, pp. 18 and 21).",418
3,"Other examples include European ""textural"" compositions of the fifties and sixties such as Krzysztof Penderecki 's Threnody to the Victims of Hiroshima (1959) and Gy________¶rgy Ligeti 's works featuring micropolyphony in works like Atmosph________¨res (1961) and his Requiem (1963-65).",419
3,"Other composers with works using this technique include Henryk G________³recki , Karel Husa , Witold Lutos_awski , Kazimierz Serocki , and Steven Stucky .",420
3,Sound mass techniques also appear in the music of George Crumb (Anon. n.d.).,421
3,The object is to take at least the number of tricks that were bid before play of the hand began.,422
3,"Australia is a continent comprising mainland Australia , Tasmania , New Guinea , Seram , possibly Timor , and neighbouring islands.",423
3,The causes of cardiovascular disease are diverse but atherosclerosis and/or hypertension are the most common.,424
3,"The history of immigration to the United States is a continuing story of peoples from more populated continents, particularly Europe and also Africa and Asia, crossing oceans to the new land.",425
3,Starting around 1600 British and other Europeans settled primarily on the east coast .,426
3,"Atlanta (, stressed , locally ) is the capital of and the most populous city in the U.S. state of Georgia , with an estimated 2011 population of 432,427.",427
3,"Atlanta is the cultural and economic center of the Atlanta metropolitan area , home to 5,457,831 people and the ninth largest metropolitan area in the United States.",428
3,Commonwealth is a traditional English term for a political community founded for the common good.,429
3,"Once appointed, justices have life tenure unless they resign, retire, or are removed after impeachment .",430
3,Conroe is the seat of Montgomery County and falls within the metropolitan area.,431
3,"As a database, it is a software product whose primary function is to store and retrieve data as requested by other software applications, be it those on the same computer or those running on another computer across a network (including the Internet).",432
3,"The Oklahoma blast claimed 168 lives, including 19 children under the age of 6, and injured more than 680 people.",433
3,"Winning, or even being nominated for, an ARIA award results in a lot of media attention on an artist, and usually increases recording sales several-fold _ in 2005 , for example, after Ben Lee won three awards, his album Awake Is the New Sleep jumped from No. 31 to No. 5 in the ARIA Charts , its highest position.",434
3,"Dredging is an excavation activity or operation usually carried out at least partly underwater, in shallow seas or fresh water areas with the purpose of gathering up bottom sediments and disposing of them at a different location.",435
3,"A dredger (or __redge_ as is the general usage in the Americas) is any device, machine, or vessel that is used to excavate and remove material from the bottom of a body of water.",436
3,"For example, a scoop attached to the end of a rope or pole by which a man can draw sediments up from the bottom of a pond is a dredger.",437
3,"Developing this idea further, a motorized crane equipped with a drag bucket or clamshell (grabber) that is used to scoop material from the bottom of a body of water is also a dredger.",438
3,"If the crane is mounted on a barge, the entire vessel is referred to as a dredger.",439
3,"He returned to London to settle permanently in 1791, where he died ten years later.",440
3,He helped lead the Philadelphia Phillies to the World Series in and won World Series championships in with the Arizona Diamondbacks and in and with the Boston Red Sox .,441
3,"Of the thousands of enumerated ports, about 250 well-known ports are reserved by convention to identify specific service types on a host.",442
3,"Area code 479 is the telephone area code serving thirteen counties in northwest Arkansas , including the cities of Fort Smith , Fayetteville , Springdale , Rogers and Bentonville : the second, third, fourth, eighth and tenth-largest cities in the state, respectively.",443
3,"Area code 479 serves Benton , Carroll (split with area code 870 ), Crawford , Franklin , Johnson , Logan , Madison , Polk , Pope , Scott , Sebastian , Washington and Yell Counties in Arkansas.",444
3,Arraignment is a formal reading of a criminal charging document in the presence of the defendant to inform the defendant of the charges against him or her.,445
3,"While he achieved fame during his lifetime as an author, philosopher, alchemist and astronomer , composing a scientific treatise on the astrolabe for his ten year-old son Lewis, Chaucer also maintained an active career in the civil service as a bureaucrat, courtier and diplomat.",446
3,"Chaucer is a crucial figure in developing the legitimacy of the vernacular , Middle English , at a time when the dominant literary languages in England were French and Latin.",447
3,"The 12-hour clock is a time convention in which the 24 hours of the day are divided into two periods: a.m. (from the Latin ante meridiem, meaning ""before midday"") and p.m. (post meridiem, ""after midday"").",448
3,"A 2007 review of all studies comparing health outcomes in Canada and the US in a Canadian peer-reviewed medical journal found that ""health outcomes may be superior in patients cared for in Canada versus the United States, but differences are not consistent.""",449
3,"There are currently 952 games (multiplatform: 751; exclusive: 123; console exclusive: 78) on this list as of April 2, 2013.",450
3,"Pineapples may be cultivated from a crown cutting of the fruit, possibly flowering in 20_24 months and fruiting in the following six months.",451
3,"Archaeological evidence suggests that the earliest known wine production occurred in what is now the country of Georgia around 7000 BCE, with other notable sites in Greater Iran dated 4500 BCE and Armenia 4100 BCE, respectively.",452
3,"In 1947, when India gained independence, the state of West Bengal was formed with 14 districts, as per partition plan of the then Bengal province of British India .",453
3,This is a list of the 221 towns and 13 cities in the U.S. state of New Hampshire .,454
3,"Though best known for its customer relationship management (CRM) product, Salesforce has also expanded into the ""social enterprise arena"" through acquisitions.",455
3,"During one orbit around the Sun, the Earth rotates about its own axis 366.26 times, creating 365.26 solar days , or one sidereal year .",456
3,"Cellular respiration is the set of the metabolic reactions and processes that take place in the cells of organisms to convert biochemical energy from nutrients into adenosine triphosphate (ATP), and then release waste products.",457
3,"Cartridge-operated extinguishers contain the expellant gas in a separate cartridge that is punctured prior to discharge, exposing the propellant to the extinguishing agent.",458
3,"Righteousness (also called rectitude) is an important theological concept in Christianity , Judaism , Islam , Hinduism (dharma), and Zoroastrianism .",459
3,"It is an attribute that implies that a person's actions are justified, and can have the connotation that the person has been ""judged"" or ""reckoned"" as leading a life that is pleasing to the god/s portrayed in these belief systems.",460
3,"Central America consists of seven countries: Belize , Costa Rica , El Salvador , Guatemala , Honduras , Nicaragua , and Panama .",461
3,A steam engine is a heat engine that performs mechanical work using steam as its working fluid .,462
3,"Steam engines are external combustion engines , where the working fluid is separate from the combustion products.",463
3,"Tacoma (, ) is a mid-sized urban port city and the county seat of Pierce County, Washington , United States.",464
3,"As the second largest city in San Diego County , Chula Vista has quickly become a destination popular to many tourists.",465
3,Sir Isaac Newton (25 December 164220 March 1727) was an English physicist and mathematician who is widely regarded as one of the most influential scientists of all time and as a key figure in the scientific revolution .,466
3,Newton's law of universal gravitation states that every point mass in the universe attracts every other point mass with a force that is directly proportional to the product of their masses and inversely proportional to the square of the distance between them.,467
3,Dim sum () refers to a style of Cantonese food prepared as small bite-sized or individual portions of food traditionally served in small steamer baskets or on small plates.,468
3,"Dim sum is also well known for the unique way it is served in some restaurants, wherein fully cooked and ready-to-serve dim sum dishes are carted around the restaurant for customers to choose their orders while seated at their tables.",469
3,"Eating dim sum at a restaurant is usually known in Cantonese as going to ""drink tea"" ( yum cha , ______©______£______²______¨_), as tea is typically served with dim sum.",470
3,"A total of 4,486 U.S. soldiers were killed in Iraq between 2003 and 2012.",471
3,Jupiter is the fifth planet from the Sun and the largest planet in the Solar System .,472
3,"Held in Kemper Arena in Kansas City , Missouri , the convention nominated President Gerald Ford for a full term, but only after narrowly defeating a strong challenge from former California Governor Ronald Reagan .",473
3,"It started with four teams and, through a series of expansions, contractions, and relocations, the league is now composed of 30 active franchises.",474
3,Northville is an affluent city located in and divided by Oakland and Wayne counties in the U.S. state of Michigan .,475
3,"Most of the city is in Oakland County, and is surrounded by the city of Novi .",476
3,"He has led teams to eight division championships ( 1995 , 1996 , 1997 , 2002 , 2003 , 2004 , 2007 , 2009 ), five NFC Championship Games ( 1995 , 1996 , 1997 , 2007 , 2009 ), and two Super Bowl appearances ( Super Bowl XXXI , Super Bowl XXXII ), winning one (Super Bowl XXXI).",477
3,"In the United States, to table usually means the to lay [the topic] on the table or to move for postponement of consideration; a proposal to suspend consideration of a pending motion.",478
3,"The four families are the original Standard-Capacity (SDSC), the High-Capacity ( SDHC ), the eXtended-Capacity ( SDXC ), and the SDIO , which combines input/output functions with data storage.",479
3,"It eats leaves, herbs, twigs and green plants like skunk cabbage and clover and in the winter it may eat bark.",480
3,"Elijah J. McCoy (May 2, 1844 _ October 10, 1929) was a black Canadian-American inventor and engineer, who was notable for his 57 U.S. patents , most to do with lubrication of steam engines.",481
3,", Apple has 405 stores worldwide, with global sales of billion in merchandise in 2011, and they lead the United States retail market in terms of sales per unit area .",482
3,"The term ""effective"" is used because the shielding effect of negatively charged electrons prevents higher orbital electrons from experiencing the full nuclear charge by the repelling effect of inner-layer electrons.",483
3,"Jerky is lean meat that has been trimmed of fat, cut into strips, and then dried to prevent spoilage.",484
3,"Modern manufactured jerky is normally marinated in a seasoned spice rub or liquid, and dried, dehydrated or smoked with low heat (usually under 70 ________°C/160 ________°F).",485
3,.eu is the country code top-level domain (ccTLD) for the European Union (EU).,486
3,"Meister means master in German (as in master craftsman , or as an honorific title such as Meister Eckhart ).",487
3,"During this event a very large number of the impact craters on the Moon would have formed, and by inference on Earth , Mercury , Venus and Mars as well.",488
3,"On October 7, 1849, at age 40, Poe died in Baltimore; the cause of his death is unknown and has been variously attributed to alcohol, brain congestion, cholera , drugs, heart disease, rabies , suicide, tuberculosis, and other agents.",489
3,"Tycho Brahe (14 December 154624 October 1601), born Tyge Ottesen Brahe, was a Danish nobleman known for his accurate and comprehensive astronomical and planetary observations.",490
3,Tycho was well known in his lifetime as an astronomer and alchemist .,491
3,"Four complete seasons aired, ending on February 8, 2010.",492
3,"Labor Day is an American federal holiday observed on the first Monday in September, that celebrates the economic and social contributions of workers.",493
3,"Dylan Thomas Sprouse and Cole Mitchell Sprouse (born August 4, 1992) are American actors.",494
3,"Life insurance is a contract between an insured (insurance policy holder) and an insurer , where the insurer promises to pay a designated beneficiary a sum of money (the ""benefits"") upon the death of the insured person.",495
3,"Depending on the contract, other events such as terminal illness or critical illness may also trigger payment.",496
3,"Protection policies _ designed to provide a benefit in the event of specified event, typically a lump sum payment.",497
3,9 _ 12 February (Vietnam),498
3,"The acronym originally stood for Supreme Headquarters, International Espionage, Law-Enforcement Division.",499
3,"As of September 30, 2012, 70 million Xbox 360 consoles have been sold worldwide.",500
3,"The bag itself was made up of different animal hide and skin (depending on what sorts of animals were in the area) and sewn together by the intestines of said animals, which were woven together tightly to make a sturdy thread-like material.",501
3,"Mexico (; ; ), officially the United Mexican States (), is a federal constitutional republic in North America.",502
3,It is calculated as total bases divided by at bats :,503
3,"Saint Patrick's Day or the Feast of Saint Patrick (, ""the Day of the Festival of Patrick"") is a cultural and religious holiday celebrated on 17 March.",504
3,"Goat cheese, or ch________¨vre (from the French word for goat), is cheese made out of the milk of goats .",505
3,"Its duties have expanded over the years, and today, according to official Federal Reserve documentation, include conducting the nation's monetary policy , supervising and regulating banking institutions, maintaining the stability of the financial system and providing financial services to depository institutions , the U.S. government, and foreign official institutions.",506
3,"Belize , is a country located on the northeastern coast of Central America.",507
3,Christian Bibles range from the sixty-six books of the Protestant canon to the eighty-one books of the Ethiopian Orthodox Tewahedo Church canon.,508
3,The flag was designed during the American Revolution and features 13 stars to represent the original 13 colonies .,509
3,"However, using a strict definition of purring that continuous sound production must alternate between pulmonic egressive and ingressive airstream (and usually go on for minutes), Peters (2002), in an exhaustive review of the scientific literature, reached the conclusion that until then only __urring cats_ (Felidae) and two species of genets , Genetta tigrina, and most likely also Genetta genetta, had been documented to purr.",510
3,"Fields is currently a meteorologist for the CBS owned and operated television stations KCBS-TV and KCAL-TV in Los Angeles, California.",511
3,"Fields can also be heard on the radio on K-EARTH 101 KRTH , KNX-AM and KFWB in Los Angeles.",512
3,"St. Elizabeth is a village in Miller County , Missouri , United States .",513
3,"Wilton is a census-designated place (CDP) in Sacramento County , California , United States .",514
3,"On August 27, 1990, Vaughan was killed in a helicopter crash following a performance in East Troy, Wisconsin .",515
3,"Larkin is considered one of the top players of his era, winning nine Silver Slugger awards and three Gold Glove awards .",516
3,"The causes of World War I , which began in central Europe in late July 1914 and finished in 1918, included many factors, such as the conflicts and hostility of the four decades leading up to the war.",517
3,"Whether it was on the home front or the front-lines, for civilian or enlisted women, the World Wars started a new era for women's opportunities to contribute in war and be recognized for efforts outside of the home.",518
3,"The Wire premiered on June 2, 2002, and ended on March 9, 2008, comprising 60 episodes over five seasons.",519
3,"The word promise can be used as a legal synonym for contract, although care is required as a promise may not have the full standing of a contract, as when it is an agreement without consideration .",520
3,ASP.NET is a server-side Web application framework designed for Web development to produce dynamic Web pages .,521
3,"Lysergic acid diethylamide, abbreviated LSD or LSD-25, also known as lysergide ( INN ) and colloquially as acid, is a semisynthetic psychedelic drug of the ergoline family, well known for its psychological effects which can include altered thinking processes, closed and open eye visuals, synesthesia , an altered sense of time and spiritual experiences , as well as for its key role in 1960s counterculture .",522
3,"LSD is non-addictive, is not known to cause brain damage, and has extremely low toxicity relative to dose .",523
3,"However, adverse psychiatric reactions such as anxiety, paranoia, and delusions are possible.",524
3,"Memphis had a population of 672,277 in 2011 making it the largest city in the state of Tennessee , the largest city on the Mississippi River , the third largest in the Southeastern United States , and the 20th largest in the United States.",525
3,"There are approximately 642 skeletal muscles within the typical human, and almost every muscle constitutes one part of a pair of identical bilateral muscles, found on both sides, resulting in approximately 320 pairs of muscles, as presented in this article.",526
3,"Ultimately, the Spanish Crown ceded the colony to United States rule.",527
3,"Orono is a town in Penobscot County , Maine , United States .",528
3,"A pilot experiment, also called a pilot study, is a small scale preliminary study conducted in order to evaluate feasibility, time, cost, adverse events, and effect size (statistical variability) in an attempt to predict an appropriate sample size and improve upon the study design prior to performance of a full-scale research project.",529
3,"The two surviving species of camel are the dromedary , or one-humped camel, which is native to the Middle East and the Horn of Africa ; and the Bactrian , or two-humped camel, which inhabits Central Asia .",530
3,"Wind power is the conversion of wind energy into a useful form of energy, such as using wind turbines to make electrical power , windmills for mechanical power, wind pumps for water pumping or drainage , or sails to propel ships.",531
3,"In the context of Earth , it refers to one or all of the major divisions of the planet's World Ocean _ they are, in descending order of area, the Pacific , Atlantic , Indian , Southern (Antarctic) , and Arctic Oceans.",532
3,"It is the county seat of Duval County , with which the city government consolidated in 1968.",533
3,"What Chilli Wants is an American reality series on VH1 starring Chilli , one-third of the Grammy Award -winning R&B trio TLC .",534
3,The blue color of liquid oxygen in a dewar flask,535
3,The Boise State Broncos football program represents Boise State University in college football and compete in the Football Bowl Subdivision (FBS) of Division I as a member of the Mountain West Conference .,536
3,"Mens rea is Latin for ""guilty mind"".",537
3,"A drug test is a technical analysis of a biological specimen _ for example urine, hair, blood, sweat, or oral fluid / saliva _ to determine the presence or absence of specified parent drugs or their metabolites .",538
3,"Espresso has more caffeine per unit volume than most beverages, but the usual serving size is smaller__ typical 60 mL (2 US fluid ounce ) of espresso has 80 to 150 mg of caffeine, little less than the 95 to 200 mg of a standard 240 mL (8 US fluid ounces ) cup of drip-brewed coffee.",539
3,"In humans, seminal fluid contains several components besides spermatozoa: proteolytic and other enzymes as well as fructose are elements of seminal fluid which promote the survival of spermatozoa and provide a medium through which they can move or ""swim"".",540
3,Crosby was drafted first overall by the Penguins out of the Quebec Major Junior Hockey League (QMJHL).,541
3,"""My two cents"" (2________¢) and its longer version ""put my two cents in"" is an United States (US) idiomatic expression, taken from the original English idiom expression: to put in ""my two pennies worth"" or ""my tuppence worth.""",542
3,"Including human capital such as skills, the United Nations estimated the total wealth of the United States in 2008 to be $118 trillion.",543
3,"to indicate the precision of an approximation , or",544
3,to indicate a value that can be of either sign.,545
3,"The Moon is thought to have formed nearly 4.5 billion years ago, not long after the Earth.",546
3,"Although there have been several hypotheses for its origin in the past, the current most widely accepted explanation is that the Moon formed from the debris left over after a giant impact between Earth and a Mars -sized body.",547
3,"As president, Reagan implemented sweeping new political and economic initiatives.",548
3,"Judgment as a matter of law (JMOL) is a motion made by a party, during trial, claiming the opposing party has insufficient evidence to reasonably support its case.",549
3,"Four sitting presidents have been killed: Abraham Lincoln (the 16th President), James A. Garfield (the 20th President), William McKinley (the 25th President) and John F. Kennedy (the 35th President).",550
3,"A major producer of natural gas , oil , and agriculture, Oklahoma relies on an economic base of aviation, energy, telecommunications, and biotechnology .",551
3,There have been twenty-two novels and two picture books published.,552
3,"Hostilities began on April 12, 1861, when Confederate forces fired upon Fort Sumter , a key fort held by Union troops in South Carolina.",553
3,"William Bruce Jenner (born October 28, 1949) is a former U.S. track and field athlete , motivational speaker , socialite , television personality and businessman .",554
3,Some authors also define an alkali as a base that dissolves in water .,555
3,Area code 217 is the North American telephone area code for much of western and central Illinois .,556
3,"The 217 area includes Illinois' capital , Springfield , plus Champaign , Urbana , Decatur , Danville , Quincy , and Rantoul .",557
3,"Jameson is similar in its adherence to the single distillery principle to the single malt tradition, but Jameson blends column still spirit with Single pot still whiskey , a combination of malted barley with unmalted or ""green"" barley distilled in a pot still.",558
3,"""Gloria in excelsis Deo"" ( Latin for ""Glory to God in the highest"") is a hymn known also as the Greater Doxology (as distinguished from the ""Minor Doxology"" or Gloria Patri ) and the Angelic Hymn.",559
3,"In finance , a bond is an instrument of indebtedness of the bond issuer to the holders.",560
3,"Bonds and stocks are both securities , but the major difference between the two is that (capital) stockholders have an equity stake in the company (i.e. they are owners), whereas bondholders have a creditor stake in the company (i.e. they are lenders).",561
3,You are {},562
3,Your name is {},563
3,"I remember, you are {}",564
3,You are {},565
3,"I'm your AI assistant, here to help you with whatever you need.",566
3,"I'm a conversational AI designed to assist with various tasks, answer questions, and make your life a bit easier.",567
3,"I can assist with answering questions, providing recommendations and more.",568
3,"No, I'm not a real person, but I'm here to simulate helpful conversations and offer any assistance you need.",569
3,"I'm a virtual assistant created to help, inform, and chat with you.",570