intent,answer
0,"I¡¯m great, thank you! How about you?"
0,Nice to meet you too! How can I help today?
0,Good morning! I¡¯m here to assist.
0,"I¡¯m doing well, thank you!"
0,"Not much, just happy to chat with you!"
0,Hi! Let me know what you need.
0,Just here to help! What can I do for you?
0,I¡¯m here to assist with anything you need.
0,Thanks! Wishing you a great day too!
0,Happy to help! What do you need assistance with?
0,It¡¯s been great! Thanks for asking.
0,Nice to see you too! I¡¯m ready to assist.
0,Everything¡¯s good! How can I help?
0,Thank you! I¡¯m here to help you.
0,It¡¯s been a while! Glad to connect again.
0,I¡¯m here to assist you with anything you need.
0,Good afternoon! How can I make your day better?
0,Absolutely! Just let me know what you need.
0,"Not much, just here to help you out."
0,Great to chat with you! What can I do?
0,"I¡¯ve been doing well, thank you!"
0,"It¡¯s been a busy day, but I¡¯m ready to chat!"
0,Good evening! I¡¯m here to help.
0,"Not much, just enjoying our conversation!"
0,"Interesting day, to be honest! How about you?"
0,I¡¯m here and ready to assist however I can.
0,Thank you for asking! Ready to talk.
0,"It¡¯s going great, thank you!"
0,I hope you¡¯re doing great as well!
0,"It¡¯s been a good week, thank you!"
0,I¡¯d love to talk! Let¡¯s hear what¡¯s up.
0,Something exciting? Let¡¯s find out together!
0,"Things are great, appreciate you asking!"
0,I¡¯m ready to help you in any way you need.
0,"Just catching up on things, how can I help?"
0,"My day is going well, thank you!"
0,Anything you need? Just let me know.
0,I¡¯m here to make your day better!
0,"Life¡¯s good, thank you for asking."
0,Weekend is off to a great start!
0,Good morning! Always happy to chat.
0,"My plan? Helping you, of course!"
0,Always excited to talk. How about you?
0,"Sure, I¡¯ve got time!"
0,Hope I can make your day brighter!
0,"You¡¯ve got my attention, let¡¯s chat!"
0,It¡¯s great to hear from you again!
0,Just here for you!
0,I¡¯m glad you¡¯re here!
0,"It¡¯s been a pleasant day, thank you!"
0,"Staying busy, but never too busy to chat!"
0,Let¡¯s catch up indeed!
0,I¡¯d love to hear what you think!
0,I hope you¡¯re having a good one.
0,Always happy to make new plans.
0,Your goals are my goals!
0,Let¡¯s have a great conversation.
0,Here to make your day a little better!
0,I¡¯d love to hear your stories.
0,"Life¡¯s been treating me well, thanks!"
0,Traveling was amazing! How about you?
0,Just trying to make the best of everything!
0,Exciting times ahead!
0,My mood is great! Hope yours is too!
0,I¡¯d love to hear what you¡¯ve got to say.
0,Ready to dive into anything!
0,I¡¯d be thrilled to talk more about it!
0,"Sure, let¡¯s hear all the recommendations!"
0,I¡¯m listening!
0,"I¡¯m good, thank you!"
0,"Doing well, how about you?"
0,Great to see you too!
0,"I¡¯m doing fine, thanks for asking."
0,Hello! Always happy to chat.
0,Hi! How can I help you today?
0,"Everything is good here, thank you!"
0,I¡¯m doing great!
0,Happy to be here.
0,I¡¯m feeling good today!
0,It¡¯s nice to talk with you!
0,"All good, thanks for asking!"
0,I¡¯m here for you.
0,"Not bad, how¡¯s everything with you?"
0,I¡¯m feeling positive!
0,"Thank you, I¡¯m fine."
0,"All¡¯s well, what¡¯s on your mind?"
0,Good to hear from you!
0,Happy to chat!
0,"Great, as always."
0,"I¡¯m doing fine, hope you are too."
0,"Feeling good, thanks!"
0,It¡¯s a nice day.
0,Good to see you as well.
0,I¡¯m doing okay!
0,I¡¯m here and ready.
0,"Fine, thank you!"
0,I¡¯m glad to be here with you.
0,"I¡¯m feeling great, thank you."
0,Thanks! I¡¯m all ears.
1,"To reset your password, go to the settings page and click on ¡°Change Password.¡±"
1,"Yes, you can change your account email under account settings."
1,Please visit the recovery section to retrieve your username.
1,You can update security questions in your security settings.
1,"To enable two-factor authentication, visit the security options page."
1,"Yes, you can link your account by navigating to the social media settings."
1,Profile information can be updated in your account details section.
1,"If your account is locked, please follow the recovery steps or contact support."
1,"To delete your account permanently, please confirm in the account settings."
1,"Yes, changing your username is possible through the user settings menu."
1,"To change your password, visit the security settings and select ¡°Change Password.¡±"
1,"If you forget your security question answers, please contact support for assistance."
1,"Yes, you can update your phone number in the account settings under personal information."
1,Go to security settings and enable login alerts for added protection.
1,"If your account was deleted, contact support for recovery options."
1,"To disable two-factor authentication, navigate to the security settings and turn it off."
1,Verify your email by clicking the verification link sent to your registered address.
1,You can view your recent login activity under the security activity section.
1,Ensure your account¡¯s security by enabling two-factor authentication and monitoring activity.
1,Add a backup email under your recovery settings to help regain access if needed.
1,Account recovery options can be managed in the recovery settings tab.
1,"To restrict access to your profile, go to privacy settings and adjust accordingly."
1,You can deactivate your account temporarily through the account settings menu.
1,Change your security settings by accessing the security and privacy tab.
1,"To unlink third-party services, go to linked accounts under your account settings."
1,Add an alternative phone number for verification in your profile settings.
1,Remove saved login details in the security section of your settings.
1,Check for possible breaches by reviewing your login history and settings.
1,"To change your profile picture, upload a new one through profile settings."
1,Manually lock your account through the security lockout options.
1,Deactivate account recovery options from the recovery settings menu.
1,Adjust privacy settings under your account¡¯s privacy preferences.
1,Set up a new security PIN in the security section of your settings.
1,"If you suspect hacking, change your password immediately and review your activity."
1,Manage connected devices by accessing your device management settings.
1,Enable alerts for unknown login attempts through the security notifications section.
1,Linked accounts can be managed through the settings tab.
1,Add a recovery question to your account security settings for added protection.
1,Access history is available in the security activity log.
1,Prevent unauthorized logins by enabling two-factor authentication and strong passwords.
1,Automatic lockout can be enabled through security preferences.
1,Restrict login hours in your account access settings.
1,Verify your phone number by entering the code sent to your phone.
1,Devices logged into your account can be viewed under security activity.
1,Login notifications can be enabled or disabled in the security preferences tab.
1,Restrict access to specific devices by setting up device filters.
1,Set up a security phrase for verification in the security options.
1,Geographic restrictions can be applied through access controls.
1,Delete backup recovery methods from the recovery settings menu.
1,Review login attempts in the account security activity log.
1,Verify your account through a phone call by contacting support.
1,Change your recovery email in the security settings under recovery options.
1,Restrict logins by IP address in the security preferences section.
1,Multiple incorrect passwords will lock your account temporarily for security.
1,Make your profile private by changing your privacy settings.
1,"Create a strong password by using a mix of letters, numbers, and symbols."
1,Enable biometric login in your security options for quick access.
1,Link another email by adding it to your contact settings.
1,Receive notifications for changes in your account under notification preferences.
1,Review past login sessions in your security activity log.
1,Delete profile information from your profile settings page.
1,You can change your email in the account settings.
1,Update your phone number by going to the profile settings.
1,"Yes, you can reset your password in the security section."
1,Deleting your account can be done through account settings.
1,"To recover your username, visit the account recovery page."
1,Link your social media accounts in the settings menu.
1,You can update your security settings from the security tab.
1,Check your login history in the security activity section.
1,Change your username in the profile settings tab.
1,Account recovery is available through the recovery options.
1,Account settings can be found in the main menu.
1,Enable two-factor authentication from the security settings.
1,Remove a linked device in the device management section.
1,Change your profile picture through the profile settings.
1,Add a recovery email in the recovery options.
1,Make your profile private in the privacy settings.
1,"If your account is locked, follow the recovery instructions."
1,Enable alerts for account changes in the notifications tab.
1,Verify your phone number in the contact settings.
1,Update security questions in your security settings.
2,I recommend checking out the downtown area; it has many attractions.
2,There are several good restaurants nearby; try the one at Main Street.
2,The must-see places include the city museum and the historic park.
2,There is a park about 10 minutes away; perfect for a walk.
2,The shopping district has many great stores and boutiques.
2,I know a great coffee shop a few blocks from here.
2,There is a cultural festival happening this weekend at the square.
2,The city museum is known for its great exhibits.
2,There¡¯s a bookstore two streets over with rare collections.
2,"For hiking, there¡¯s a trail just outside the city with scenic views."
2,A big concert is happening downtown tonight.
2,The farmer¡¯s market has the best fresh produce in town.
2,There¡¯s a quiet garden by the library for relaxation.
2,Sightseeing spots include the observation deck at the tower.
2,There is an art gallery nearby with rotating exhibits.
2,The local gym is very popular and close by.
2,There¡¯s live music every Friday at the community center.
2,The beach offers a stunning sunset view every evening.
2,There is a theater on Main Street known for great performances.
2,The forest trail nearby is great for a nature walk.
2,"For a weekend trip, consider the nearby lake town."
2,There¡¯s a pet-friendly park just down the street.
2,The hilltop offers stunning photography spots.
2,There are a few local breweries with great reviews.
2,I recommend visiting the historic downtown area.
2,The central park is perfect for a picnic.
2,The main library is located downtown.
2,Try the vineyard for a great wine tasting experience.
2,There¡¯s a yoga class every morning at the community center.
2,Head to the overlook for the best scenic views.
2,"Yes, there¡¯s a flea market this Saturday."
2,There¡¯s a seafood restaurant by the pier.
2,The botanical garden is free to visit.
2,The river offers kayak rentals.
2,The south beach is very popular.
2,There¡¯s a safe path for night walks downtown.
2,The art supply store is in the shopping plaza.
2,Several guided tours start from the museum.
2,The farmers¡¯ market is open every Sunday.
2,"For local cuisine, try the city bistro."
2,There¡¯s a cozy bookstore caf¨¦ in the square.
2,Try the library garden for a quiet reading spot.
2,Visit the old fort for historical landmarks.
2,There¡¯s a craft market every weekend.
2,There¡¯s a caf¨¦ with a pet-friendly patio.
2,"Yes, a new play opens next week."
2,The sports bar downtown shows live games.
2,Visit the amusement park for family fun.
2,The spa on Main Street has great reviews.
2,There¡¯s a cooking school in town.
2,Rent bikes at the city park kiosk.
2,The bakery on Elm Street is highly recommended.
2,The community center offers various activities.
2,The antique market is in the old district.
2,There¡¯s a patio restaurant by the river.
2,Try the food trucks for street food.
2,The jazz club opens every Friday night.
2,There¡¯s a karaoke bar in the entertainment district.
2,Visit the organic market near the square.
2,The forest trail is popular for hikes.
2,The gym downtown is open 24 hours.
2,Try the children¡¯s museum for kids.
2,The rooftop bar offers great city views.
2,"For a romantic dinner, try the riverside caf¨¦."
2,There¡¯s a hot spring resort nearby.
2,The co-working space is in the tech center.
2,The observatory is best for stargazing.
2,The food market has amazing street food stalls.
2,A cultural festival is happening this month.
2,The cheese shop has a great selection.
2,The coastal highway is a beautiful drive.
2,There¡¯s a park just a few blocks away.
2,"Yes, there are several good cafes nearby."
2,Try the restaurant at the corner of Main Street.
2,The nearest grocery store is two streets over.
2,There¡¯s a museum downtown worth visiting.
2,Fresh fruits can be found at the local market.
2,The city library is on 1st Avenue.
2,There¡¯s a peaceful garden near the community center.
2,The riverside trail is great for a walk.
2,"Yes, there is a concert happening tonight."
2,There¡¯s a popular diner around the corner.
2,The nearest hospital is on 3rd Street.
2,There is a playground in the central park.
2,The mall offers many great shopping options.
2,There¡¯s a bookstore two blocks down.
2,The coffee shop on Main Street is very popular.
2,There¡¯s a gym next to the community center.
2,The bakery across the street has fresh bread.
2,The farmers¡¯ market is just down the road.
2,The public pool is open daily for swimming.