intent,answer,number
1,"To reset your password, go to the settings page and click on Change Password.",83
1,"Yes, you can change your account email under account settings.",84
1,Please visit the recovery section to retrieve your username.,85
1,You can update security questions in your security settings.,86
1,"To enable two-factor authentication, visit the security options page.",87
1,"Yes, you can link your account by navigating to the social media settings.",88
1,Profile information can be updated in your account details section.,89
1,"If your account is locked, please follow the recovery steps or contact support.",90
1,"To delete your account permanently, please confirm in the account settings.",91
1,"Yes, changing your username is possible through the user settings menu.",92
1,"To change your password, visit the security settings and select Change Password.",93
1,"If you forget your security question answers, please contact support for assistance.",94
1,"Yes, you can update your phone number in the account settings under personal information.",95
1,Go to security settings and enable login alerts for added protection.,96
1,"If your account was deleted, contact support for recovery options.",97
1,"To disable two-factor authentication, navigate to the security settings and turn it off.",98
1,Verify your email by clicking the verification link sent to your registered address.,99
1,You can view your recent login activity under the security activity section.,100
1,Ensure your account's security by enabling two-factor authentication and monitoring activity.,101
1,Add a backup email under your recovery settings to help regain access if needed.,102
1,Account recovery options can be managed in the recovery settings tab.,103
1,"To restrict access to your profile, go to privacy settings and adjust accordingly.",104
1,You can deactivate your account temporarily through the account settings menu.,105
1,Change your security settings by accessing the security and privacy tab.,106
1,"To unlink third-party services, go to linked accounts under your account settings.",107
1,Add an alternative phone number for verification in your profile settings.,108
1,Remove saved login details in the security section of your settings.,109
1,Check for possible breaches by reviewing your login history and settings.,110
1,"To change your profile picture, upload a new one through profile settings.",111
1,Manually lock your account through the security lockout options.,112
1,Deactivate account recovery options from the recovery settings menu.,113
1,Adjust privacy settings under your account's privacy preferences.,114
1,Set up a new security PIN in the security section of your settings.,115
1,"If you suspect hacking, change your password immediately and review your activity.",116
1,Manage connected devices by accessing your device management settings.,117
1,Enable alerts for unknown login attempts through the security notifications section.,118
1,Linked accounts can be managed through the settings tab.,119
1,Add a recovery question to your account security settings for added protection.,120
1,Access history is available in the security activity log.,121
1,Prevent unauthorized logins by enabling two-factor authentication and strong passwords.,122
1,Automatic lockout can be enabled through security preferences.,123
1,Restrict login hours in your account access settings.,124
1,Verify your phone number by entering the code sent to your phone.,125
1,Devices logged into your account can be viewed under security activity.,126
1,Login notifications can be enabled or disabled in the security preferences tab.,127
1,Restrict access to specific devices by setting up device filters.,128
1,Set up a security phrase for verification in the security options.,129
1,Geographic restrictions can be applied through access controls.,130
1,Delete backup recovery methods from the recovery settings menu.,131
1,Review login attempts in the account security activity log.,132
1,Verify your account through a phone call by contacting support.,133
1,Change your recovery email in the security settings under recovery options.,134
1,Restrict logins by IP address in the security preferences section.,135
1,Multiple incorrect passwords will lock your account temporarily for security.,136
1,Make your profile private by changing your privacy settings.,137
1,"Create a strong password by using a mix of letters, numbers, and symbols.",138
1,Enable biometric login in your security options for quick access.,139
1,Link another email by adding it to your contact settings.,140
1,Receive notifications for changes in your account under notification preferences.,141
1,Review past login sessions in your security activity log.,142
1,Delete profile information from your profile settings page.,143
1,You can change your email in the account settings.,144
1,Update your phone number by going to the profile settings.,145
1,"Yes, you can reset your password in the security section.",146
1,Deleting your account can be done through account settings.,147
1,"To recover your username, visit the account recovery page.",148
1,Link your social media accounts in the settings menu.,149
1,You can update your security settings from the security tab.,150
1,Check your login history in the security activity section.,151
1,Change your username in the profile settings tab.,152
1,Account recovery is available through the recovery options.,153
1,Account settings can be found in the main menu.,154
1,Enable two-factor authentication from the security settings.,155
1,Remove a linked device in the device management section.,156
1,Change your profile picture through the profile settings.,157
1,Add a recovery email in the recovery options.,158
1,Make your profile private in the privacy settings.,159
1,"If your account is locked, follow the recovery instructions.",160
1,Enable alerts for account changes in the notifications tab.,161
1,Verify your phone number in the contact settings.,162
1,Update security questions in your security settings.,163
